,,,,,memory,memory,memory,memory,memory,memory,memory,runtime,runtime,runtime,runtime,runtime,runtime,runtime
value,,,,,baseline,ew,ew/baseline,functorch,functorch/baseline,hooks,hooks/baseline,baseline,ew,ew/baseline,functorch,functorch/baseline,hooks,hooks/baseline
batch_size,num_runs,num_repeats,forward_only,layer,,,,,,,,,,,,,,
16,5,10,False,linear,0.0,0.0,,0.0,,0.0,,0.0005080095000000018,0.00047518389999999576,0.9353838855375619,0.0005278784400000003,1.0391113552010314,0.00046055402000000356,0.9065854477130879
64,5,10,False,linear,0.0,0.0,,0.0,,0.0,,0.0011801532600000009,0.0012304157400000104,1.0425897904141785,0.001235185139999997,1.0466311299262911,0.0009991617199999947,0.8466372579439334
256,5,10,False,linear,0.0,0.0,,0.0,,0.0,,0.004102939020000003,0.003781245279999999,0.9215943160666317,0.0038187687399999872,0.9307398236691279,0.00392995806000001,0.9578397438624391
